episode,total_reward,loss,ndcg@5,slate_mrr
0,2132.6534872055054,8.037613868713379,0.08325475454330444,0.006666666828095913
1,2441.5057125091553,8.623653411865234,0.04162737727165222,0.004999999888241291
2,1402.996165752411,8.121546745300293,0.0,0.0
