episode,total_reward,loss,ndcg@5,slate_mrr
0,2042.2637796401978,6.628836154937744,0.0,0.0
1,1872.6225442886353,6.219110488891602,0.0,0.0
