episode,total_reward,loss,ndcg@5,slate_mrr,click_rate
0,1814.6680099964142,0.2808832301460724,0.0,0.0,1.0
1,2470.2944769859314,0.07678338258294388,0.0,0.019999999552965164,1.0
2,2218.71489238739,0.04690245639532804,0.019999999552965164,0.019999999552965164,1.0
