episode,total_reward,loss,ndcg@5,slate_mrr,click_rate
0,433.0744266808033,0.0,0.019999999552965164,0.019999999552965164,0.8
1,434.40102568268776,0.0,0.0,0.0,0.9
