episode,total_reward,loss,ndcg@5,slate_mrr,click_rate
0,486.7181215286255,0.0,0.0,0.03999999910593033,1.0
1,545.1986372470856,0.0,0.019999999552965164,0.019999999552965164,0.9
2,326.9737932384014,0.0,0.0,0.0,0.8
