episode,total_reward,loss,ndcg@5,slate_mrr
0,1622.2768306732178,4.494811058044434,0.26263952255249023,0.03999999910593033
1,2099.079839706421,5.184288501739502,0.08051834255456924,0.019999999552965164
